Symbol,Name,Hot Sector,Industry,Exchange,Domain,What They Do (1-line),Live Market Cap,Live Price,Low Volume,Volume Decay,News No Reaction,Quorum Failure,Drawdown,De-SPAC Orphan,Conviction Gap (watchers vs trading),Retail Awareness Index,Bad PR / Negative Sentiment,CEO Undervalued Quote,Market Cap,Revenue 2025,EV/Rev Gap,Cash Runway,Affordability ($100K deal),Catalyst Runway,Lifecycle Transition,Raise Closed 6mo,Active Financing,Failed/Downsized Raise,NASDAQ Deficiency,Russell Proximity,Tax-Loss Candidate,Recent IPO,Lockup Window,Growth Ambition (Gap Test v2),News Summary (1-line),New IR Hire,IR Job Posting,Verified Social Accounts (CEO/CFO),Canadian Listed?,Roster Lookalike,Sector Score,Partial Score (Anish signal set),Final 25 Candidate Pool,IPO Year,Cash,EV,Interim Score,Incumbent PR/IR (footer-verified),Why this company is a good fit for Market One,"Insider Buying (Form 4, 12mo)",col51,col52
USAU,U.S. Gold Corp. Common Stock,mining,Basic Materials / Metal Mining,NASDAQ,usgoldcorp.com,U.S.,$230.5M,$12.98,$3.6M/day = 160% of peer median $2.2M,FRESH DECLINE: -42% over 6mo but +679% over 2yr (was stable) | Feb $6.2M → Mar $5.1M → Apr $4.0M → May $2.9M → Jun $4.3M → Jul $3.4M,"MOSTLY IGNORED: 6 events, median +15%, best +90% — weak response across the board
• 2026-05-22 [8-K] → volume -36%
• 2026-05-15 [8-K] → volume -16%
• 2026-04-27 [8-K] → volume -36%
• 2026-04-03 [8-K] → volume +15%
• 2026-03-31 [media] «Why U.S. Gold (USAU) Is Focused on Funding and Permitti» → volume +17%
• 2026-03-18 [media] «U.S. Gold to join VanEck Junior Gold Miners ETF after q» → volume +90%",—,43% below 52w high,—,"CONVICTION GAP: 9,686 watchers but only $3600K/day traded ($371.7 per watcher vs $802 pool median) — they know you, they will not buy","9,686 Stocktwits watchers",clean,,"$181,566,958",,—,"~3.1 qtrs (cash $14.0M, burn $4.6M/qtr) — RAISE AHEAD | route: cash pitch",Yes — $14M cash,"CAPITAL-NEEDING: CK Gold feasibility study completed and fully permitted; CEO says a financing pause will not delay the mine opening, with 2026 exploration drilling targets set. | U.S. Gold Corp CEO says financing pause won't delay gold mine opening (2026-07-10)","MILESTONE (developer→producer): U.S. Gold filed an S-K 1300 feasibility study on its CK Gold project in Wyoming showing after-tax NPV5% of US$632 million, 27% IRR, 2.5-year payback and $394 million initial capital at $3,250/oz gold. | CK Gold Project S-K 1300 Technical Report Summary (Feasibility Study), effective March 30, 2026 (2026-05-15)",—,—,,—,—,—,—,"— no lockup factor: listed Mar 1980, any IPO lockup expired Sep 1980 (IPO + 180d), long past","HIGH: Fund construction and bring the fully permitted CK Gold Project (Wyoming) into production - roughly $394M initial capex | THEIR WORDS: ""We will need to raise substantial additional capital through one or more financing transactions — which may include debt financing, equity financing, royalty or streaming arrangeme"" | 10-K 2026-07-29 | https://www.sec.gov/Archives/edgar/data/27093/0001493152260351","Two items: joining the VanEck Junior Gold Miners ETF after a quarterly rebalance, and a piece on its focus on funding and permitting.",—,—,CEO George Michael Bee: not found on X · CFO Eric Alexander: not found on X,No (verified by name),Mining — Market One roster peer,23.4,34.2 / 83 (41%) — 18 25 23+24,"IN [MINING — RESTORED 2026-08-04 after case-study calibration] — qualifies on M2 conviction gap + M5 verified need (CK Gold $394M per own 10-K) + M6 fresh IR hire; $230M cap within Hasnain band, above case-study sweet spot (US$83-178M) but Northern-Empire-class story",2003,"$13,992,772","$168,664,186",12,Runs IR in-house (ir@usgoldcorp.com) — release footers Apr–Jun 2026. Latest 10-K (2026-07-29) shows no external IR spend.,"9,686 people follow the stock but only $3.6M a day trades — the awareness exists, the conviction doesn't. Asset-backed: defined asset (feasibility/resource on record), cash $31M > 2x debt. Why now: CK Gold feasibility study completed and fully permitted; CEO says a financing pause will not delay the mine. Their own filing: ""We will need to raise substantial additional capital through one or more financing transactions — which may include debt...""","NET BUYERS: 3 open-market buys, ~$158,266 total. Largest: NORMAN LUKE ANTHONY, Director — 10,000.0 sh @ $14.63 ($146,300) on 2026-04-08. (code-P purchases only; grants/exercises excluded)",,
PZG,Paramount Gold Nevada Corp. Common Stock,mining,Basic Materials / Metal Mining,NYSE American,paramountnevada.com,"Paramount Gold Nevada Corp., together with its subsidiaries, engages in the acquisition, exploration, and development of precious metal properties in the United States.",$100.4M,$1.12,$523K/day = 172% of peer median $305K,FRESH DECLINE: -92% over 6mo but +968% over 2yr (was stable) | Feb $4.7M → Mar $2.3M → Apr $993K → May $1.1M → Jun $714K → Jul $498K,"NOTHING LANDS: 7 events, median -33%, best +24% — no news moves this stock
• 2026-07-14 [8-K] → volume -19%
• 2026-07-09 [media] «Alliance Global Raises its Price Target on Paramount Go» → volume -30%
• 2026-06-23 [8-K] → volume -40%
• 2026-06-18 [media] «Paramount Gold reports initial assessment for Sleeper p» → volume -33%
• 2026-06-02 [8-K] → volume -46%
• 2026-04-28 [media] «Here is Why Paramount Gold is One of the Best Gold Mini» → volume +24%",—,58% below 52w high,—,"CONVICTION GAP: 2,546 watchers but only $523K/day traded ($205.4 per watcher vs $802 pool median) — they know you, they will not buy","2,546 Stocktwits watchers",clean,,"$96,507,429",,—,"~7 qtrs (cash $12.7M, burn $1.8M/qtr)",Yes — $12.7M cash (yf),"CAPITAL-NEEDING: Delivered the Grassy Mountain feasibility study and a positive Sleeper initial assessment (17-year restart, NPV up to $867M) with BLM approval in hand. | Paramount Gold Announces Results of Feasibility Study for the Grassy Mountain Gold Project (2026-05-28)","MILESTONE (developer→producer): Paramount filed an updated S-K 1300 feasibility study on the Grassy Mountain gold project in Oregon: post-tax NPV5% of $374.7 million, 38.9% IRR, 2.1-year payback and 385,800 recovered gold ounces over 9.3 years. | Grassy Mountain Project: S-K 1300 Technical Report Summary, Oregon, United States, effective May 27, 2026 (2026-07-14)",—,—,,—,—,—,—,"— no lockup factor: listed Apr 2015, any IPO lockup expired Oct 2015 (IPO + 180d), long past","HIGH: Move Grassy Mountain (feasibility complete, proven/probable reserves) and Sleeper toward mine construction and production | THEIR WORDS: ""If we decide to put one or more of our properties into production, we will require significant amounts of capital to develop and construct the mining and processing facilities and "" | 10-K 2025-09-25 | https://www.sec.gov/Archives/edgar/data/1629210/00011931252521","Coverage centres on one project: the initial assessment for restarting the Sleeper Gold Project, followed by an Alliance Global price-target raise.",FRESH HIRE (5 mo): Kate Stark — Investor Relations | Mar 2026 - Present · 5 mos | kate@paramountnevada.com,—,CEO Rachel Louise Goldman: not found on X · CFO Carlo A. Buffone: not found on X,No (verified by name),Mining — Market One roster peer,20.7,38.2 / 83 (46%) — 18 25 26 23+24,IN [MINING] — feasibility-stage gold; M6=5 (fresh IR hire); catalyst,2015,,,9,"Runs IR in-house (rachel@paramountnevada.com) — release footer, 2026","2,546 people follow the stock but only $523K a day trades — the awareness exists, the conviction doesn't. Asset-backed: defined asset (feasibility/resource on record), cash > debt. Why now: Delivered the Grassy Mountain feasibility study and a positive Sleeper initial assessment (17-year restart. Their own filing: ""If we decide to put one or more of our properties into production, we will require significant amounts of capital to develop...""",No open-market insider purchases in the 8 most recent Form 4s,,
WWR,Westwater Resources Inc. Common Stock,mining,Basic Materials / Metal Mining,NYSE American,westwaterresources.net,"Westwater Resources, Inc., an energy technology company, focuses on developing battery-grade natural graphite materials in the United States.",$55.0M,$0.41,$305K/day = 100% of peer median $305K,FRESH DECLINE: -76% over 6mo but +99% over 2yr (was stable) | Feb $1.2M → Mar $756K → Apr $618K → May $597K → Jun $472K → Jul $282K,"MOSTLY IGNORED: 7 events, median -31%, best +59% — weak response across the board
• 2026-06-28 [media] «Westwater Resources (WWR) Stock Gets Fair Value Boost A» → volume -36%
• 2026-05-22 [8-K] → volume -7%
• 2026-05-13 [media] «Westwater Resources Inc (WWR) Q1 2026 Earnings Call Hig» → volume +58%
• 2026-04-09 [8-K] → volume -33%
• 2026-04-01 [8-K] → volume -31%
• 2026-03-20 [media] «Westwater Resources Inc (WWR) Q4 2025 Earnings Call Hig» → volume +59%",—,88% below 52w high — DEEP,—,"CONVICTION GAP: 29,600 watchers but only $305K/day traded ($10.3 per watcher vs $802 pool median) — they know you, they will not buy","29,600 Stocktwits watchers",clean,,"$51,792,234",,—,"~14 qtrs (cash $41.5M, burn $2.9M/qtr)",Yes — $41.5M cash (yf),CAPITAL-NEEDING: Filed federal and Clean Water Act permit applications for the Coosa County graphite deposit while building out the Kellyton plant on a pushed-back production timeline. | Westwater Resources Inc. files federal permit application for Coosa graphite project (2026-06-19),,—,—,,—,—,Down 51% YTD — Dec tax-loss watch,—,"— no lockup factor: listed Jan 1998, any IPO lockup expired Jul 1998 (IPO + 180d), long past","HIGH: Build a vertically integrated mine-to-market battery-grade graphite business linking the Coosa deposit to the Kellyton plant | THEIR WORDS: ""Our strategy is to increase stockholder value by advancing a vertically integrated, mine-to-market battery-grade graphite business that connects a domestic graphite resource at the"" | 10-K 2026-03-19 | https://www.sec.gov/Archives/edgar/data/839470/000110465926032","Kellyton graphite progress drives coverage; the standout is Fiat Chrysler ending an offtake agreement in March, which one analyst framed as an opportunity.",—,—,CEO Frank Bakker: not found on X · CFO Steven M. Cates: not found on X,No (verified by name),Mining — Market One roster peer,19.1,35.0 / 83 (42%) — 18 25 19 07 23,"IN [MINING] — graphite; strategy literally opens ""increase stockholder value""; M2=7",,,,10,"Runs IR in-house (Info@WestwaterResources.com) — release footer, 2026","29,600 people follow the stock but only $305K a day trades — the awareness exists, the conviction doesn't. Early-stage explorer — no resource estimate on record yet; the value is exploration upside (cash $41M > 2x debt). Why now: Filed federal and Clean Water Act permit applications for the Coosa County graphite deposit while building. Their own filing: ""Our strategy is to increase stockholder value by advancing a vertically integrated, mine-to-market battery-grade graphite...""","NET SELLERS — 3 open-market sale txns, ~$28,671 total, by PAGLIARA TRACY D",,
ATLX,Atlas Lithium Corporation Common Stock,mining,Industrials / Mining & Quarrying of Nonmetallic Minerals (No Fuels),NASDAQ,atlas-lithium.com,Atlas Lithium Corporation operates as a mineral exploration and development company in Brazil.,$82.0M,$2.74,$1.3M/day = 412% of peer median $305K,FRESH DECLINE: -73% over 6mo but +46% over 2yr (was stable) | Feb $2.1M → Mar $1.7M → Apr $3.0M → May $5.0M → Jun $2.4M → Jul $1.1M,"MOSTLY IGNORED: 8 events, median -12%, best +78% — weak response across the board
• 2026-06-29 [8-K] → volume -27%
• 2026-06-25 [media] «Lithium Prices Tumble As Traders Brace For CATL Supply » → volume -32%
• 2026-06-16 [8-K] → volume -41%
• 2026-06-01 [8-K] → volume -33%
• 2026-05-19 [media] «Atlas Lithium appoints Alfa for Neves Project» → volume -8%
• 2026-05-08 [media] «Atlas Lithium (ATLX) Locks In Four Construction Partner» → volume +43%",—,63% below 52w high — DEEP,—,"CONVICTION GAP: 11,574 watchers but only $1300K/day traded ($112.3 per watcher vs $802 pool median) — they know you, they will not buy","11,574 Stocktwits watchers",clean,,"$53,166,414","$121,388",—,"~2.0 qtrs (cash $13.9M, burn $7.1M/qtr) — RAISE AHEAD | route: cash pitch",Yes — $14M cash,"CAPITAL-NEEDING: On track for commercial lithium production at Neves by year-end 2027, with an expansion permit granted and Mitsui investing $30M. | Atlas Lithium Receives Strong Product Demand; On Track for Commercial Production in 2027 (2026-07-13)",—,—,—,,—,—,Down 37% YTD — Dec tax-loss watch,—,"— no lockup factor: listed Feb 2013, any IPO lockup expired Aug 2013 (IPO + 180d), long past","HIGH: Mine and process Brazilian 'Lithium Valley' ore into ~150,000 tpa of spodumene concentrate and reach commercial lithium production | THEIR WORDS: ""We intend to mine and then process our lithium-containing ore to produce lithium concentrate (also known as spodumene concentrate), a key ingredient for the battery supply chain. U"" | 10-K 2026-03-04 | https://www.sec.gov/Archives/edgar/data/1540684/00014931522600","Brazil project execution dominates - a paid DMS plant, four construction partners locked in, and Alfa appointed for Neves - against tumbling lithium prices.",—,—,,No (verified by name),Mining — Market One roster peer,19.1,35.0 / 83 (42%) — 18 25 19 07 23,IN [MINING] — lithium; CAVEAT: our cols missed its DFS so M3 underrates a real asset,2012,"$13,864,963","$39,301,451",9,"Runs IR in-house (gary.guyton@atlas-lithium.com) — release footer, 2026","11,574 people follow the stock but only $1.3M a day trades — the awareness exists, the conviction doesn't. Early-stage explorer — no resource estimate on record yet; the value is exploration upside (cash $34M > 2x debt). Why now: On track for commercial lithium production at Neves by year-end 2027, with an expansion permit granted. Their own filing: ""We intend to mine and then process our lithium-containing ore to produce lithium concentrate (also known as spodumene...""",,,
AUST,Austin Gold Corp. Common Shares,mining,Basic Materials / Precious Metals,NYSE American,austin.gold,"Austin Gold Corp., a gold exploration company, focuses on the acquisition, exploration, and evaluation of mineral resource properties in Nevada.",$14.1M,$1.00,$84K/day = 28% of peer median $305K LOW,"BOTTOMED OUT: -51% over 2yr, recently stable (-2% 6mo) | Feb $861K → Mar $288K → Apr $121K → May $136K → Jun $149K → Jul $78K","NEWS IGNORED: 7 events 6mo (0 SEC + 8 media), median vol reaction -17%",—,65% below 52w high — DEEP,—,$65 per watcher (pool median $802),"1,290 Stocktwits watchers",clean,,"$13,829,931",,—,"~6 qtrs (cash $2.6M, burn $413K/qtr)","Weak — $2.6M cash (yf, equity-deal angle only)","CAPITAL-NEEDING: CSAMT survey results filed and drill targeting advancing at the Stockade Mountain project in Oregon, with a new technical report on file. | Austin Gold Reports Results of CSAMT Survey and Advances Drill Targeting at Stockade Mountain (2026-06-02)",—,—,REGISTRATION IN PROGRESS [B-only] F-3 2026-06-23 | https://www.sec.gov/Archives/edgar/data/1817740/000110465926076502/tm2618427d1_f3.htm,,—,—,Down 35% YTD — Dec tax-loss watch,—,"— no lockup factor: listed May 2022, any IPO lockup expired Oct 2022 (IPO + 180d), long past","HIGH: exploration/development explicitly financing-gated; active $3.9M ATM + fresh shelf; going-concern opinion | THEIR WORDS: ""It is likely that the development and exploration of our properties will require substantial additional financing... we anticipate continued equity financings through the issuances of Common Shares"" | 20-F 2026-03-26 + F-3 eff. 2026-07-08","Routine explorer flow: annual meeting results, a technical report on the Stockade Mountain Project, and a Q4 net loss amid ongoing exploration.",—,—,,No (verified by name),Mining — Market One roster peer,35.6,,"IN [MINING — QUALIFIED PER ANISH RULE 2026-08-04: verified need for retail investors] — active $3.9M ATM (Feb 2026) can only sell into volume (~$300K/day = the constraint); F-3 shelf effective 2026-07-08; going-concern opinion; 20-F: ""will require substantial additional financing""",2022,,,10,"Runs IR in-house (info@austin.gold — Darcy Higgs, VP Business Development) — release footer, May 2026, Newsfile wire.","The market has walked away: trading is just 28% of the peer median and has fallen 51% over 2yr. Early-stage explorer — no resource estimate on record yet; the value is exploration upside (cash $3M > 2x debt). Why now: CSAMT survey results filed and drill targeting advancing at the Stockade Mountain project in Oregon. Their own filing: ""It is likely that the development and exploration of our properties will require substantial additional financing... we...""",No open-market insider purchases in the 8 most recent Form 4s,,
GMTL,Guardian Metal Resources PLC ADS,mining,Basic Materials / Metal Mining,NYSE American,guardianmetalresources.com,Guardian Metal Resources PLC engages in the exploration and exploitation of mineral resources in the United States.,$378.3M,$9.40,$2.8M/day = 48% of peer median $5.9M,FRESH DECLINE (no 2yr history): -65% over 6mo | Mar $7.0M → Apr $4.3M → May $3.5M → Jun $3.5M → Jul $2.5M,"NOTHING LANDS: 7 events, median -0%, best +31% — no news moves this stock
• 2026-07-06 [media] «Guardian Metal Resources Advances a Strategic US Tungst» → volume -0%
• 2026-06-30 [media] «Guardian Metal Advances Toward Becoming a Key U.S. Tung» → volume +31%
• 2026-06-17 [media] «Guardian Metal Strengthens Tempiute Development Strateg» → volume -20%
• 2026-06-04 [media] «Guardian Metal Resources Expands Pilot Mountain Footpri» → volume +15%
• 2026-05-18 [media] «The Innovation Report, Episode Two Preview: Tungsten, S» → volume -19%
• 2026-05-07 [media] «U.S. Tungsten Growth Story Backed by Strategic Nevada A» → volume +3%",—,54% below 52w high,—,$31461 per watcher (pool median $802),"89 Stocktwits watchers — LOW (median 2,481)",clean,,"$364,929,010",,—,"~18 qtrs (cash $10.6M, burn $595K/qtr)",Yes — $10.6M cash (yf),CAPITAL-NEEDING: Signed a US tungsten mining and processing strategic partnership and is ramping commercial discussions on the Pilot Mountain project. | Guardian Metal Resources PLC Announces Tungsten Mining & Processing Strategic Partnership (2026-07-07),—,—,ACTIVE RAISE [B-only] 424B3 2026-05-21; 424B3 2026-05-08 | https://www.sec.gov/Archives/edgar/data/2039972/000110465926065137/tm2532978d29_424b3.htm,,—,—,Down 30% YTD — Dec tax-loss watch,IPO Mar 2026,STILL IN LOCKUP until ~16 Sep 2026 (listed 20 Mar 2026 + 180d) — float is artificially thin until then,,US tungsten development dominates - Pilot Mountain expansion and Tempiute strategy positioning it as a key domestic producer - offset by a Maxim downgrade to Hold.,—,—,,No (verified by name),Mining — Market One roster peer,28.9,,IN [MINING] — tungsten = critical-minerals story for Hasnain; M6=5,2026,,,11,"PAYS EXTERNAL AGENCY: Tavistock (Financial PR, UK) + Edelman Smithfield (Financial PR, US) — named in their own release footer, 2026",The market is walking away: daily volume has fallen 65% over 6mo. Early-stage explorer — no resource estimate on record yet; the value is exploration upside (cash $11M > 2x debt). Why now: Signed a US tungsten mining and processing strategic partnership and is ramping commercial discussions on. And they are already investing in investor relations — the budget and intent exist.,"Cannot judge: foreign private issuer, exempt from Form 4 filings (absence ≠ no activity)",,
AISP,Airship AI Holdings Inc. Class A Common Stock,ai-tech,Technology / Computer Software: Prepackaged Software,NASDAQ,airship.ai,"Airship AI Holdings, Inc.",$62.0M,$1.75,$1.2M/day = 330% of peer median $358K,"SUSTAINED BLEED: -46% over 2yr, -57% over 6mo | Feb $1.7M → Mar $1.0M → Apr $1.2M → May $1.5M → Jun $2.3M → Jul $783K","NOTHING LANDS: 7 events, median -18%, best +48% — no news moves this stock
• 2026-07-22 [media] «MindWalk Holdings Corp. (HYFT) Reports Q4 Loss, Misses » → volume -63%
• 2026-07-14 [media] «New Strong Sell Stocks for July 14th» → volume -58%
• 2026-05-11 [8-K] → volume +43%
• 2026-05-08 [media] «Airship AI Holdings, Inc. (AISP) Reports Q1 Loss, Beats» → volume +48%
• 2026-02-24 [media] «Airship AI (AISP) Reports 102% Revenue Surge and Robust» → volume -18%
• 2026-02-17 [8-K] → volume -44%",—,75% below 52w high — DEEP,—,"CONVICTION GAP: 4,846 watchers but only $1200K/day traded ($247.6 per watcher vs $802 pool median) — they know you, they will not buy","4,846 Stocktwits watchers",clean,,"$55,841,359","$15,321,349",3.2x (median 1.6x),"~5 qtrs (cash $6.3M, burn $1.3M/qtr)",Borderline — $6.3M cash,"General: Secured $3.3M in new orders scheduled for 2026-2027 delivery, including a seven-figure follow-on with a Fortune 100 transportation and e-commerce customer. | Airship AI Secures Seven Figure Follow-On Contract Award with Fortune 100 Transportation & E-Commerce Company (2026-06-2",—,—,REGISTRATION IN PROGRESS [B-only] S-3/A 2026-05-14; S-3 2026-05-11 | https://www.sec.gov/Archives/edgar/data/1842566/000165495426004893/airsp_s3.htm,,—,—,Down 44% YTD — Dec tax-loss watch,—,"— no lockup factor: listed May 2021, any IPO lockup expired Nov 2021 (IPO + 180d), long past","HIGH: Scale edge-AI surveillance deployments across federal, state/local and commercial customers via an expanding partner ecosystem | THEIR WORDS: ""Unless we achieve substantial profitability, we anticipate that we will likely need to raise additional capital to fund our operations while we implement and execute our business p"" | 10-K 2026-02-17 | https://www.sec.gov/Archives/edgar/data/1842566/00016549542600",Mixed coverage — a 102% Q4 revenue surge and a Q1 revenue beat against a Zacks Strong Sell list mention in July.,—,—,,No (verified by name),—,20.4,29.0 / 83 (35%) — 18 25 19 07 10,"IN [SOUND BUSINESS] — M3=8, profitable AI co with real pain (M1=5)",2021,"$6,306,274","$49,535,085",9,"PAYS EXTERNAL AGENCY: MZ Group (MZ North America) — named in their own release footer, 2026","4,846 people follow the stock but only $1.2M a day trades — the awareness exists, the conviction doesn't. Underneath, the business is real (rev $16M, growing +16%, cash $13M > 2x debt, PROFITABLE) — this is a story problem, not a business problem. Their own filing: ""Unless we achieve substantial profitability, we anticipate that we will likely need to raise additional capital to fund our..."" And they are already investing in investor relations — the budget and intent exist.","NET BUYERS: 1 open-market buys, ~$89,688 total. Largest: Huang Victor, CEO and Chairman of the BOD — 40,000.0 sh @ $2.24 ($89,688) on 2026-03-20. (code-P purchases only; grants/exercises excluded)",,
DTST,Data Storage Corporation Common Stock,ai-tech,Technology / EDP Services,NASDAQ,azdatastorage.com,"Data Storage Corporation provides cloud-based voice over internet services, data transport, internet access, and SD-WAN solutions in the United States and internationally.",$7.3M,$3.05,$76K/day = 21% of peer median $358K LOW,"SUSTAINED BLEED: -71% over 2yr, -61% over 6mo | Feb $63K → Mar $59K → Apr $191K → May $196K → Jun $112K → Jul $42K","SELECTIVE: 6 events, median -10%, best +1404% — routine news ignored, but the market DOES respond to the right news
• 2026-05-27 [8-K] → volume -54%
• 2026-05-15 [8-K] → volume -10%
• 2026-05-04 [media] «MongoDB, PubMatic, and Sprinklr Shares Skyrocket, What » → volume +14%
• 2026-04-21 [media] «Data Storage (DTST) Q3 2025 Earnings Transcript» → volume -51%
• 2026-04-14 [8-K] → volume +1404%
• 2026-02-13 [8-K] → volume -69%",—,40% below 52w high,—,"CONVICTION GAP: 4,599 watchers but only $76K/day traded ($16.5 per watcher vs $802 pool median) — they know you, they will not buy","4,599 Stocktwits watchers",,—,"$21,496,811","$1,382,929",15.5x (median 1.6x),"~0.6 qtrs (cash $611K, burn $960K/qtr) — RAISE AHEAD | route: equity angle",Weak — $0.6M cash (equity-deal angle only),General: Detailed a $40M CloudFirst divestiture and appointed an AI/cybersecurity advisor to build a sovereign AI strategy; redeploying proceeds into the AI pivot is the upcoming story. | Data Storage Corp (NASDAQ: DTST) details $40M CloudFirst sale — Google News (Stock Titan),—,—,—,,—,—,Down 40% YTD — Dec tax-loss watch,—,"— no lockup factor: listed Mar 2012, any IPO lockup expired Sep 2012 (IPO + 180d), long past","HIGH: Redeploy CloudFirst sale proceeds into targeted acquisitions in AI, GPU IaaS, cybersecurity and telecom to rebuild as a high-growth tech holding | THEIR WORDS: ""We intend to leverage our management’s expertise in technology and pursue acquisitions of companies in complementary and high-growth technology sectors which may include the follow"" | 10-K 2026-04-14 | https://www.sec.gov/Archives/edgar/data/1419951/00017311222600",Very quiet — a Q3 2025 earnings transcript is the only company-specific press hit; the other mention is an article about unrelated companies.,—,—,,No (verified by name),—,26.7,28.0 / 83 (34%) — 17 18 07,"IN [PURE PAIN] — low volume + decay + conviction gap; real revenue, profitable",2007,"$611,323","$21,367,465",11,"PAYS EXTERNAL AGENCY: Crescendo Communications, LLC — named in their own release footer, 2026","4,599 people follow the stock but only $76K a day trades — the awareness exists, the conviction doesn't. Their own filing: ""We intend to leverage our management’s expertise in technology and pursue acquisitions of companies in complementary..."" And they are already investing in investor relations — the budget and intent exist.","NET SELLERS — 3 open-market sale txns, ~$333,310 total, by Piluso Charles M.",,
CREX,Creative Realities Inc. Common Stock,ai-tech,Technology / EDP Services,NASDAQ,creativerealities.com,"Creative Realities, Inc., together with its subsidiaries, provides digital signage and media solutions in the United States and internationally.",$40.6M,$3.14,$161K/day = 45% of peer median $358K,"Stable: -26% over 2yr, -29% over 6mo","RESPONSIVE: 7 events, median +86%, best +274% — market reacts normally
• 2026-06-29 [8-K] → volume +261%
• 2026-05-31 [media] «How The Creative Realities (CREX) Story Is Shifting Wit» → volume +32%
• 2026-05-15 [8-K] → volume +102%
• 2026-04-21 [media] «CREX Q2 2025 Earnings Transcript» → volume +274%
• 2026-04-14 [8-K] → volume +86%
• 2026-02-18 [8-K] → volume -69%",—,24% below 52w high,—,"CONVICTION GAP: 6,912 watchers but only $161K/day traded ($23.3 per watcher vs $802 pool median) — they know you, they will not buy","6,912 Stocktwits watchers",clean,,"$32,713,879","$57,232,000",0.9x (median 1.6x),"~0.3 qtrs (cash $569K, burn $1.8M/qtr) — RAISE AHEAD | route: cash pitch, invoice post-close",Yes — fresh raise (8-K 2026-06-30),"CAPITAL-NEEDING: Named digital signage provider for the Titans' new Nissan Stadium (~1,600 endpoints) — its largest-ever deployment — right after a $12M offering for growth and debt reduction. | Creative Realities Named Official Digital Signage Provider for the Tennessee Titans' New Nissan Stadium (2026-07-29)",—,8-K 2026-06-30 | https://www.sec.gov/Archives/edgar/data/1356093/000143774926022083/ex_982184.htm,ACTIVE RAISE [B-only] 424B5 2026-06-30; 424B5 2026-06-29 | https://www.sec.gov/Archives/edgar/data/1356093/000143774926022077/crex20260629_424b5.htm,,—,"ADDED TO INDEX 2026-06-09 — new institutional holders, promoting the story | ""Creative Realities to join Russell 3000 index on June 29 - Investing.com""",—,—,"— no lockup factor: listed Nov 2006, any IPO lockup expired May 2007 (IPO + 180d), long past","HIGH: Scale the business organically and by acquiring and integrating other companies in target markets, shifting mix toward SaaS. | THEIR WORDS: ""We believe that our existing business model is highly scalable and can be expanded successfully as we continue to grow organically, seek to acquire and integrate other companies in"" | 10-K 2026-04-15 | https://www.sec.gov/Archives/edgar/data/1356093/00014377492601",Light coverage of analyst-narrative pieces and quarterly earnings transcripts; no notable standalone announcements.,—,—,,No (verified by name),—,30.5,16.0 / 83 (19%) — 09+10 23,IN [ADDED–MO LENS: financing now + HIGH ambition + conviction gap (caveat: reads closer to need than ambition)],2006,"$569,000","$52,045,879",11,"PAYS EXTERNAL AGENCY: Darrow Associates (IR) + Idea Grove (media/PR) — named in their own release footer, 2026","6,912 people follow the stock but only $161K a day trades — the awareness exists, the conviction doesn't. Why now: Named digital signage provider for the Titans' new Nissan Stadium (~1,600 endpoints) — its largest-ever. Their own filing: ""We believe that our existing business model is highly scalable and can be expanded successfully as we continue to grow..."" And they are already investing in investor relations — the budget and intent exist.",,,
XTIA,XTI Aerospace Inc. Common Stock,ai-tech,Technology / EDP Services,NASDAQ,xtiaerospace.com,"XTI Aerospace, Inc., an aerospace company, provides unmanned aerial systems solutions for enterprise, public safety, government, and defense customers in the United States and.",$57.3M,$1.49,$1.1M/day = 319% of peer median $358K,FRESH DECLINE: -93% over 6mo but +353% over 2yr (was stable) | Feb $2.7M → Mar $7.8M → Apr $3.1M → May $3.9M → Jun $3.1M → Jul $1.0M,"SELECTIVE: 8 events, median -7%, best +146% — routine news ignored, but the market DOES respond to the right news
• 2026-06-26 [8-K] → volume -68%
• 2026-05-23 [media] «XTI Aerospace (XTIA) Q1 2026 Earnings Transcript» → volume +146%
• 2026-05-14 [8-K] → volume +39%
• 2026-04-20 [media] «XTI Aerospace (XTIA) Reports 2025 Financial Results Fol» → volume -25%
• 2026-04-15 [8-K] → volume -7%
• 2026-03-16 [8-K] → volume +18%",—,51% below 52w high,—,"CONVICTION GAP: 65,602 watchers but only $1100K/day traded ($16.8 per watcher vs $802 pool median) — they know you, they will not buy","65,602 Stocktwits watchers",clean,,"$30,582,507","$22,490,000",LOW 0.5x vs 1.6x median,"~2.5 qtrs (cash $20.0M, burn $8.0M/qtr) — RAISE AHEAD | route: cash pitch",Yes — $20M cash,—,—,—,—,,—,—,—,—,"— no lockup factor: listed Aug 2012, any IPO lockup expired Jan 2013 (IPO + 180d), long past","HIGH: Grow the UAS (drone) distribution and services business through acquisitions, with optional resumption of the TriFan 600 aircraft program | THEIR WORDS: ""Although we believe our current liquidity is sufficient to fund operations for at least the next twelve months, we will require additional capital over time to support the growth o"" | 10-K 2026-04-15 | https://www.sec.gov/Archives/edgar/data/1529113/00012139002604","Only 2 press mentions in recent months — quarterly earnings transcripts, including 2025 results following a major acquisition.","RECENT HIRE (9 mo): Brook Wootton — Senior Director (Head), Investor Relations | Nov 2025 - Present · 9 mos | brook.wootton@xtiaerospace.com",,,No (verified by name),—,27.4,15.0 / 83 (18%) — 18 27,"IN [CONVICTION STAR] — M2=8: 65,602 watchers barely trading; M5=9; hiring IR",2014,"$20,046,000","$10,601,507",9,"PAYS EXTERNAL AGENCY: RedChip Companies, Inc. (as of May 2026; Jun-Jul 2026 footers dropped RedChip for in-house ir@xtiaerospace.com) — named in their own release footer, 2026","65,602 people follow the stock but only $1.1M a day trades — the awareness exists, the conviction doesn't. Underneath, the business is real (rev $50M, growing +5622%, cash > debt, cash-flow positive, priced below peers) — this is a story problem, not a business problem. Their own filing: ""Although we believe our current liquidity is sufficient to fund operations for at least the next twelve months, we will..."" And they are already investing in investor relations — the budget and intent exist.",No open-market insider purchases in the 8 most recent Form 4s,,
AIFF,Firefly Neuroscience Inc. Common Stock,ai-tech,Technology / Computer Software: Prepackaged Software,NASDAQ,fireflyneuro.com,"Firefly Neuroscience, Inc., an artificial intelligence company, develops, markets, and distributes medical devices and technologies that allow high-resolution visualization and.",$18.3M,$1.07,$154K/day = 43% of peer median $358K,"SUSTAINED BLEED: -68% over 2yr, -100% over 6mo | Feb $52K → Mar $57.5M → Apr $2.3M → May $473K → Jun $563K → Jul $110K","SELECTIVE: 7 events, median -28%, best +142% — routine news ignored, but the market DOES respond to the right news
• 2026-06-26 [8-K] → volume -45%
• 2026-06-22 [8-K] → volume -14%
• 2026-05-12 [8-K] → volume -75%
• 2026-04-22 [8-K] → volume -86%
• 2026-03-26 [media] «BC-Most Active Stocks» → volume +142%
• 2026-03-12 [8-K] → volume +130%",,65% below 52w high — DEEP,—,"CONVICTION GAP: 4,895 watchers but only $154K/day traded ($31.5 per watcher vs $802 pool median) — they know you, they will not buy","4,895 Stocktwits watchers",clean,—,"$14,263,458","$1,142,000",11.2x (median 1.6x),"~1.6 qtrs (cash $3.1M, burn $1.9M/qtr) — RAISE AHEAD | route: cash pitch, invoice post-close",Yes — fresh raise (8-K 2026-05-12),General: Partnership with Next Health to launch a Precision Cognitive Health platform pairing EEG brain-wave data with personalized peptide care; platform launch is the upcoming milestone. | Firefly Neuroscience and Next Health Announce Partnership to Launch Precision Cognitive Health Platform — Google News (Quiver Quantitative),—,8-K 2026-05-12 | https://www.sec.gov/Archives/edgar/data/803578/000121390026055110/ea0289806-8k_firefly.htm,ACTIVE RAISE [B-only] 424B3 2026-07-02; S-3/A 2026-06-23 | https://www.sec.gov/Archives/edgar/data/803578/000121390026075016/ea0296625-424b3_firefly.htm,,—,—,—,—,"— no lockup factor: listed Apr 1994, any IPO lockup expired Oct 1994 (IPO + 180d), long past","HIGH: Scale the FDA-cleared BNA brain-health platform commercially (post-Evoke acquisition) into a precision cognitive-health business | THEIR WORDS: ""As a result, we will require substantial additional capital to fund ongoing operations and to implement our business strategy prior to achieving positive cash flows from operating "" | 10-K 2026-03-31 | https://www.sec.gov/Archives/edgar/data/803578/000143774926010",Standout is a July partnership with Next Health to launch a precision cognitive-health platform; remaining coverage is auto-generated earnings pages noting deep losses at the pre-revenue neurotech firm.,—,—,CEO Greg Lipschitz: not found on X · CFO Paul Krzywicki: not found on X,No (verified by name),—,27.1,22.0 / 83 (26%) — 18 19 09+10,IN [GROWTH] — BABY SHELF: raise capacity scales with float — bigger retail base literally = bigger raises. Purest MO case,1995,"$3,127,000","$12,802,126",17,"Runs IR in-house (stephen.kilmer@fireflyneuro.com) — release footer, 2026","4,895 people follow the stock but only $154K a day trades — the awareness exists, the conviction doesn't. Their own filing: ""As a result, we will require substantial additional capital to fund ongoing operations and to implement our business...""","NET SELLERS — 10 open-market sale txns, ~$1,016,016 total, by Windsor Private Capital LP",,
MSGM,Motorsport Games Inc. Class A Common Stock,ai-tech,Technology / Computer Software: Prepackaged Software,NASDAQ,motorsportgames.com,Motorsport Games Inc.,$19.7M,$4.33,$139K/day = 39% of peer median $358K LOW,"SUSTAINED BLEED: -93% over 2yr, -81% over 6mo | Feb $166K → Mar $708K → Apr $188K → May $411K → Jun $196K → Jul $110K","SELECTIVE: 10 events, median -11%, best +343% — routine news ignored, but the market DOES respond to the right news
• 2026-07-23 [8-K] → volume -52%
• 2026-06-26 [8-K] → volume +10%
• 2026-06-18 [8-K] → volume -47%
• 2026-05-26 [8-K] → volume -11%
• 2026-05-19 [media] «MSGM Q1 Earnings Decline Y/Y Despite 129% Revenue Surge» → volume -6%
• 2026-05-13 [8-K] → volume +343%","VERIFIED quorum failure: 8-K 2026-04-17 | ""EX-99.1 2 ex99-1.htm EX-99.1 Exhibit 99.1 Motorsport Games Announces Adjournment of Annual Meeting of Shareholders Due to Lack of Quorum MIRAMAR, Flor"" | https://www.sec.gov/Archives/edgar/data/1821175/000149315226017937/ex99-1.htm",19% below 52w high,—,"CONVICTION GAP: 4,310 watchers but only $139K/day traded ($32.3 per watcher vs $802 pool median) — they know you, they will not buy","4,310 Stocktwits watchers",,—,"$18,532,804","$11,297,898",1.4x (median 1.6x),Cash-flow positive — no burn pressure,Weak — $2.4M cash (equity-deal angle only),—,—,—,—,,—,—,—,—,"— no lockup factor: listed Jan 2021, any IPO lockup expired Jul 2021 (IPO + 180d), long past",MEDIUM: Expand the recurring-revenue portion of the racing-games business through subscriptions and in-game spending,"Earnings-focused — Q1 earnings fell year-over-year despite a 129% revenue surge, plus an earlier earnings-call transcript; no other press themes.",—,—,,No (verified by name),—,34.7,34.0 / 83 (41%) — 17 18 12,"IN [WILDCARD] — only perfect M3 (10/10) + verified quorum failure; CAVEAT: NASCAR license lost, capital = survival",2021,"$2,365,410","$16,167,394",11,"Runs IR in-house (Investors@motorsportgames.com) — release footer, 2026","4,310 people follow the stock but only $139K a day trades — the awareness exists, the conviction doesn't. Underneath, the business is real (rev $14M, growing +129%, cash $6M > 2x debt, PROFITABLE, cash-flow positive) — this is a story problem, not a business problem.",,,
TNXP,Tonix Pharmaceuticals Holding Corp. Common Stock,biotech,Health Care / Biotechnology: Pharmaceutical Preparations,NASDAQ,tonixpharma.com,"Tonix Pharmaceuticals Holding Corp., a fully integrated biopharmaceutical company, develops and commercializes therapies for central nervous system (CNS) disorders, immunology and.",$170.0M,$10.01,$6.3M/day = 327% of peer median $1.9M,"SUSTAINED BLEED: -33% over 2yr, -43% over 6mo | Feb $5.1M → Mar $6.4M → Apr $5.2M → May $6.3M → Jun $7.2M → Jul $5.7M","MOSTLY IGNORED: 9 events, median +15%, best +81% — weak response across the board
• 2026-07-21 [8-K] → volume -25%
• 2026-07-13 [8-K] → volume +20%
• 2026-06-29 [8-K] → volume -35%
• 2026-06-25 [media] «Qualcomm upgrade, Intel initiation among today's top ca» → volume +81%
• 2026-06-13 [media] «We're Keeping An Eye On Tonix Pharmaceuticals Holding's» → volume -14%
• 2026-06-08 [8-K] → volume +65%",—,84% below 52w high — DEEP,—,"CONVICTION GAP: 81,548 watchers but only $6300K/day traded ($77.3 per watcher vs $802 pool median) — they know you, they will not buy","81,548 Stocktwits watchers",clean,—,"$87,921,937","$13,110,000",LOW -2.2x vs 3.1x median,"~4.0 qtrs (cash $125.3M, burn $31.4M/qtr) — RAISE AHEAD | route: cash pitch, invoice post-close",Yes — fresh raise (8-K 2026-03-13),"CAPITAL-NEEDING: Positive FDA Type C meeting minutes clear an adaptive Phase 2 field study of TNX-4800 for Lyme disease prevention; starting that study is the funding event, on top of a slower-than-expected fibromyalgia launch. | Tonix Pharmaceuticals Announces Positive Minutes from Type C FDA Meeting to Discuss Adaptive Phase 2 Field Study of TNX-4800, a Human, anti-OspA Monoc","MILESTONE: Tonix widened TONMYA (cyclobenzaprine sublingual) launch access, adding a second GPO agreement effective June 1, 2026 that lifts commercial coverage to about 52 million U.S. lives, or 29% of commercial lives. | Tonix Pharmaceuticals Secures Second Commercial Payer Agreement for TONMYA, Expanding Total Commercial Coverage to ~52 Million U.S",8-K 2026-03-13 | https://www.sec.gov/Archives/edgar/data/1430306/000199937126005742/ex99-01.htm,—,,—,—,Down 40% YTD — Dec tax-loss watch,—,"— no lockup factor: listed May 2012, any IPO lockup expired Nov 2012 (IPO + 180d), long past","HIGH: Grow newly launched TONMYA into a leading fibromyalgia therapy while advancing a broad clinical pipeline | THEIR WORDS: ""We will need to successfully launch TONMYA and obtain additional capital in order to fund future research and development activities and future capital expenditures. Future financi"" | 10-K 2026-03-12 | https://www.sec.gov/Archives/edgar/data/1430306/00019993712600",Almost no substantive press — one Simply Wall St watch piece and a market-roundup mention — despite very heavy SEC activity (18 8-K filings since February).,"FRESH HIRE (5 mo): Deborah Elson — Senior Director, Corporate Communications and Investor  | Mar 2026 - Present · 5 mos | deborah.elson@tonixpharma.com",,"CEO Seth Lederman @SethLederman (810 followers; bio states CEO role and references company name 'Tonix Pharm) · CFO Bradley Saenger: not found on X · Company @TonixPharma (8,393)",No (verified by name),—,41.9,48.2 / 83 (58%) — 18 25 19 07 09 26+27 23+24,IN [TOP SCORE] — 42/60 — only company firing all SIX mains; building IR function right now,2017,"$125,331,000","-$28,759,063",15,"PAYS EXTERNAL AGENCY: astr partners (investors) + Sam Brown Inc. (media); in-house Deborah Elson also listed — named in their own release footer, 2026","81,548 people follow the stock but only $6.3M a day trades — the awareness exists, the conviction doesn't. Underneath, the business is real (rev $18M, growing +183%, cash $185M > 2x debt, priced below peers) — this is a story problem, not a business problem. Why now: Positive FDA Type C meeting minutes clear an adaptive Phase 2 field study of TNX-4800 for Lyme disease. Their own filing: ""We will need to successfully launch TONMYA and obtain additional capital in order to fund future research and development...""","NET BUYERS: 3 open-market buys, ~$132,128 total. Largest: LEDERMAN SETH, Chief Executive Officer — 5,000.0 sh @ $11.79 ($58,950) on 2026-06-09. (code-P purchases only; grants/exercises excluded)",,
VRCA,Verrica Pharmaceuticals Inc. Common Stock,biotech,Health Care / Biotechnology: Pharmaceutical Preparations,NASDAQ,verrica.com,"Verrica Pharmaceuticals Inc., a dermatology therapeutics company, engages in the development and commercialization of medications for the treatment of dermatologic diseases in the.",$90.2M,$5.22,$221K/day = 11% of peer median $1.9M VERY LOW,"SUSTAINED BLEED: -91% over 2yr, -78% over 6mo | Feb $876K → Mar $771K → Apr $516K → May $613K → Jun $273K → Jul $169K","RESPONSIVE: 4 events, median +32%, best +155% — market reacts normally
• 2026-06-09 [8-K] → volume -43%
• 2026-05-12 [8-K] → volume +32%
• 2026-05-05 [media] «Neurocrine Biosciences (NBIX) Beats Q1 Earnings and Rev» → volume +155%
• 2026-03-11 [8-K] → volume +20%",—,43% below 52w high,—,"CONVICTION GAP: 2,262 watchers but only $221K/day traded ($97.7 per watcher vs $802 pool median) — they know you, they will not buy","2,262 Stocktwits watchers",clean,,"$51,290,520","$35,580,000",1.7x (median 3.1x),"~4 qtrs (cash $15.4M, burn $3.5M/qtr)",Yes — $15M cash,"CAPITAL-NEEDING: Dosed the first U.S. patient in COVE-3, the second pivotal Phase 3 trial of YCANTH for common warts, plus a new Israel distribution deal. | Verrica Pharmaceuticals Announces First U.S. Patient Dosed in the Second Pivotal Clinical Trial (COVE-3) of its Phase 3","MILESTONE: Verrica's YCANTH molluscum treatment hit record demand with 15,302 applicator units dispensed in Q1 2026 (up 51% year-over-year, 100,000+ since launch), and partner Torii launched YCANTH in Japan. | Verrica Pharmaceuticals Reports First Quarter 2026 Financial Results (2026-05-12)",—,—,,—,—,Down 37% YTD — Dec tax-loss watch,—,"— no lockup factor: listed Jun 2018, any IPO lockup expired Dec 2018 (IPO + 180d), long past","HIGH: Continue commercializing YCANTH for molluscum and expand it into common warts (Phase 3) and VP-315 into basal cell carcinoma | THEIR WORDS: ""We will need substantial additional funding to meet our financial obligations and to pursue our business objectives, including the continued commercialization of YCANTH (VP-102) fo"" | 10-K 2026-03-11 | https://www.sec.gov/Archives/edgar/data/1660334/00016603342600","Commercial-turnaround coverage: revenue up 130% after a sales strategy overhaul, and the first US patient dosed in a second Phase 3 YCANTH warts trial.",—,—,,No (verified by name),—,40,41.2 / 83 (50%) — 17 18 07 23+24,IN [PAIN+GROWTH] — M1=7 pain + growth strategy gated on funding; already paused 2 programs for cash,2018,"$15,396,000","$60,472,520",10,"PAYS EXTERNAL AGENCY: LifeSci Advisors (Kevin Gardner); in-house interim CFO John Kirby also listed — named in their own release footer, 2026","2,262 people follow the stock but only $221K a day trades — the awareness exists, the conviction doesn't. Underneath, the business is real (rev $37M, growing +46%, cash $21M > 2x debt) — this is a story problem, not a business problem. Why now: Dosed the first U.S. patient in COVE-3, the second pivotal Phase 3 trial of YCANTH for common warts, plus. Their own filing: ""We will need substantial additional funding to meet our financial obligations and to pursue our business objectives...""",No open-market insider purchases in the 8 most recent Form 4s,,
SCYX,SCYNEXIS Inc. Common Stock,biotech,Health Care / Biotechnology: Pharmaceutical Preparations,NASDAQ,scynexis.com,"SCYNEXIS, Inc., a biotechnology company, engages in drug development for the treatment and prevention of difficult-to-treat and drug-resistant fungal infections in the United.",$50.3M,$4.84,$845K/day = 23% of peer median $3.7M LOW,"Stable: +435% over 2yr, +190% over 6mo","RESPONSIVE: 8 events, median +46%, best +1388% — market reacts normally
• 2026-06-26 [8-K] → volume -2%
• 2026-06-01 [media] «Upcoming Stock Splits This Week (June 1 to June 5) – St» → volume +87%
• 2026-05-29 [8-K] → volume +87%
• 2026-05-22 [8-K] → volume +46%
• 2026-04-20 [8-K] → volume -36%
• 2026-03-31 [8-K] → volume +1388%",—,49% below 52w high,—,"CONVICTION GAP: 10,029 watchers but only $845K/day traded ($84.3 per watcher vs $802 pool median) — they know you, they will not buy","10,029 Stocktwits watchers",clean,,"$205,851,460","$20,601,000",11.1x (median 3.1x),"~7 qtrs (cash $11.0M, burn $1.5M/qtr)",Yes — $11M cash,"CAPITAL-NEEDING: Initiated a Phase 1 study of SCY-770 in autosomal dominant polycystic kidney disease, opening a new clinical program. | SCYNEXIS Initiates Phase 1 Study of SCY-770, a Novel AMPK Activator for the Treatment of Autosomal Dominant Polycystic K",—,—,ACTIVE RAISE [B-only] 424B3 2026-05-08 | https://www.sec.gov/Archives/edgar/data/1178253/000119312526215048/d20395d424b3.htm,,—,—,—,—,"— no lockup factor: listed May 2014, any IPO lockup expired Oct 2014 (IPO + 180d), long past","HIGH: Develop next-generation antifungal SCY-247 (Phase 1 started Q1 2026) and expand the pipeline via in-licensing | THEIR WORDS: ""We will continue to require substantial additional capital, and if we are unable to raise capital when needed we would be forced to delay, reduce or eliminate our development progr"" | 10-K 2026-03-04 | https://www.sec.gov/Archives/edgar/data/1178253/00011782532600","Light coverage: a Q4 earnings snapshot and first participants dosed in a Phase 1 trial, plus a June stock-split roundup mention.",—,—,,No (verified by name),—,25.3,28.0 / 83 (34%) — 17 10 23,"IN [PAIN+GROWTH] — balanced profile, capital-needing catalyst",2014,"$11,020,000","$229,479,460",7,"PAYS EXTERNAL AGENCY: LifeSci Advisors (John Fraunces) — listed as the Investor Relations contact, no in-house contact at all — named in their own release footer, 2026","10,029 people follow the stock but only $845K a day trades — the awareness exists, the conviction doesn't. Why now: Initiated a Phase 1 study of SCY-770 in autosomal dominant polycystic kidney disease, opening a new clinical. Their own filing: ""We will continue to require substantial additional capital, and if we are unable to raise capital when needed we would be..."" And they are already investing in investor relations — the budget and intent exist.",,,
LGVN,Longeveron Inc. Class A Common Stock,biotech,Health Care / Biotechnology: Pharmaceutical Preparations,NASDAQ,longeveron.com,"Longeveron Inc., a clinical stage biotechnology company, develops cellular therapies for aging-related and life-threatening conditions in the United States.",$23.1M,$0.70,$186K/day = 79% of peer median $235K,"SUSTAINED BLEED: -87% over 2yr, -98% over 6mo | Feb $242K → Mar $13.1M → Apr $869K → May $332K → Jun $180K → Jul $174K","MOSTLY IGNORED: 10 events, median +9%, best +74% — weak response across the board
• 2026-07-29 [8-K] → volume +74%
• 2026-07-14 [8-K] → volume -49%
• 2026-07-06 [8-K] → volume +46%
• 2026-06-05 [8-K] → volume -53%
• 2026-05-13 [8-K] → volume +9%
• 2026-05-08 [8-K] → volume -24%",—,59% below 52w high,—,"CONVICTION GAP: 12,760 watchers but only $186K/day traded ($14.6 per watcher vs $802 pool median) — they know you, they will not buy","12,760 Stocktwits watchers",clean,,"$22,971,711","$1,199,000",10.7x (median 3.1x),"~2.3 qtrs (cash $10.3M, burn $4.6M/qtr) — RAISE AHEAD | route: cash pitch",Yes — $10M cash,General: Announced an upcoming AAIC 2026 presentation of additional Phase 2a laromestrocel data in mild Alzheimer's; pediatric heart trial cleared final safety review. | Longeveron to Present Additional Phase 2a Laromestrocel Data in Mild Alzheimer's Disease at AAIC 2026 (2026-06-18),—,—,—,,"DEFICIENT — compliance deadline 2026-09-21 | ""On March 24, 2026, the Company received a written notice from Nasdaq (the ""March Notice"") granting an additional 180 days, or until Septembe""",—,—,—,"— no lockup factor: listed Feb 2021, any IPO lockup expired Aug 2021 (IPO + 180d), long past","HIGH: Take laromestrocel through BLA-enabling activities to commercialization in pediatric HLHS, with Alzheimer's data expanding the story | THEIR WORDS: ""To continue as a going concern, we will need to obtain additional capital, which we will likely obtain through a variety of means, including through public or private equity, debt "" | 10-K 2026-03-17 | https://www.sec.gov/Archives/edgar/data/1721484/00011931252611","Clinical and governance news mix: additional Phase 2a laromestrocel Alzheimer's data at AAIC, a refreshed audit committee, and a price-target cut on dilution.",—,—,,No (verified by name),—,19.3,28.0 / 83 (34%) — 18 25 13,IN [PAIN+GROWTH] — conviction gap + volume collapse -98% 6mo,2021,"$10,334,000","$12,785,711",11,"PAYS EXTERNAL AGENCY: Investor Relations Advisory Solutions (Derek Cole, derek.cole@iradvisory.com) — sole investor AND media contact — named in their own release footer, 2026","12,760 people follow the stock but only $186K a day trades — the awareness exists, the conviction doesn't. Their own filing: ""To continue as a going concern, we will need to obtain additional capital, which we will likely obtain through a variety..."" And they are already investing in investor relations — the budget and intent exist.",,,
OCGN,Ocugen Inc. Common Stock,biotech,Health Care / Biotechnology: Biological Products (No Diagnostic Substances),NASDAQ,ocugen.com,"Ocugen, Inc., a biopharmaceutical company, focuses on discovering, developing, and commercializing novel gene and cell therapies, biologic, and vaccines that improve patients'.",$423.9M,$1.23,$11.6M/day = 309% of peer median $3.7M,FRESH DECLINE: -84% over 6mo but +99% over 2yr (was stable) | Feb $7.4M → Mar $26.2M → Apr $10.3M → May $12.0M → Jun $13.3M → Jul $6.9M,"SELECTIVE: 10 events, median -35%, best +315% — routine news ignored, but the market DOES respond to the right news
• 2026-07-30 [media] «Illumina (ILMN) Tops Q2 Earnings and Revenue Estimates» → volume -56%
• 2026-07-13 [8-K] → volume -46%
• 2026-07-11 [media] «Ocugen Eyes 3 Retinal Gene Therapy Filings as Late-Stag» → volume -46%
• 2026-06-25 [media] «Ocugen (OCGN) Stock Draws Fresh Price Target Split Afte» → volume +315%
• 2026-06-11 [8-K] → volume -28%
• 2026-06-06 [media] «How The Ocugen (OCGN) Investment Story Is Evolving With» → volume -35%",—,50% below 52w high,,"CONVICTION GAP: 153,833 watchers but only $11600K/day traded ($75.4 per watcher vs $802 pool median) — they know you, they will not buy","153,833 Stocktwits watchers",clean,—,"$363,919,396","$4,413,000",75.4x (median 3.1x),"~2.5 qtrs (cash $37.8M, burn $14.9M/qtr) — RAISE AHEAD | route: cash pitch, invoice post-close",Yes — fresh raise (8-K 2026-05-14),CAPITAL-NEEDING: Targeting three retinal gene therapy filings as the late-stage pipeline advances; OCU410 just received FDA RMAT designation and a special shareholder meeting has been called. | Ocugen Eyes 3 Retinal Gene Therapy Filings as Late-Stage Pipeline Advances — https://www.marketbeat.com/instant-alerts/ocugen-eyes-3-retinal-gene-ther,—,8-K 2026-05-14 | https://www.sec.gov/Archives/edgar/data/1372299/000110465926061230/tm2614578d1_8k.htm,—,,—,"ADDED TO INDEX 2026-06-29 — new institutional holders, promoting the story | ""Ocugen, Inc.(NasdaqCM: OCGN) added to Russell 2000 Index - marketscreener.com [index: Russell 2000]""",—,—,"— no lockup factor: listed Dec 2014, any IPO lockup expired Jun 2015 (IPO + 180d), long past","HIGH: Advance three retinal gene-therapy programs toward BLA filings and expand the pipeline through licensing, acquisition and collaboration | THEIR WORDS: ""We intend to explore strategic licensing, acquisition, and collaboration opportunities with qualified partners to maximize the potential benefit of our product candidates for patie"" | 10-K 2026-03-04 | https://www.sec.gov/Archives/edgar/data/1372299/00016282802601",Pipeline-progress coverage — advancing toward three retinal gene-therapy filings — plus Q1 EPS reporting and a fresh price-target split after cautious analyst notes.,—,HIRING: 1 IR/comms postings (2026-04-30 → 2026-04-30) | Senior Director Corporate Communications,"CEO Shankar Musunuri @drsmusunuri (695 followers; bio states CEO role and references company name 'Ocugen') · CFO Rita Johnson-Greene: not found on X · Company @Ocugen (64,241)",No (verified by name),—,26.3,31.0 / 83 (37%) — 18 09 27 23,IN [PAIN+GROWTH] — conviction gap + catalyst + HIGH ambition + IR intent,2014,"$37,800,000","$332,836,396",13,"PAYS EXTERNAL AGENCY: astr partners (investors, Candice Masse); media handled in-house (chris.clark@ocugen.com) — named in their own release footer, 2026","153,833 people follow the stock but only $11.6M a day trades — the awareness exists, the conviction doesn't. Why now: Targeting three retinal gene therapy filings as the late-stage pipeline advances; OCU410 just received FDA. Their own filing: ""We intend to explore strategic licensing, acquisition, and collaboration opportunities with qualified partners to maximize..."" And they are already investing in investor relations — the budget and intent exist.","NET BUYERS: 1 open-market buys, ~$25,830 total. Largest: Johnson-Greene Treerita Essalima, Chief Financial Officer — 21,000.0 sh @ $1.23 ($25,830) on 2026-06-15. (code-P purchases only; grants/exercises excluded)",,
QTI,QT Imaging Holdings Inc. Common Stock,biotech,Health Care / Biotechnology: Electromedical & Electrotherapeutic Apparatus,NASDAQ,qtimaging.com,"QT Imaging Holdings, Inc.",$36.2M,$2.69,$130K/day = 7% of peer median $1.9M VERY LOW,FRESH DECLINE: -81% over 6mo but +124% over 2yr (was stable) | Feb $139K → Mar $395K → Apr $121K → May $484K → Jun $212K → Jul $116K,"SELECTIVE: 10 events, median -15%, best +712% — routine news ignored, but the market DOES respond to the right news
• 2026-07-28 [8-K] → volume -18%
• 2026-06-12 [media] «Spotlight On June 2026's Insider-Favored Growth Stocks» → volume -39%
• 2026-06-09 [media] «ATRenew And Two Insider-Favored Growth Stocks To Watch» → volume -60%
• 2026-06-01 [media] «June 2026's Leading Growth Stocks With Insider Influenc» → volume +16%
• 2026-05-29 [media] «3 Growth Stocks With Strong Insider Confidence» → volume -15%
• 2026-05-21 [8-K] → volume -3%",—,93% below 52w high — DEEP,—,$432 per watcher (pool median $802),"301 Stocktwits watchers — LOW (median 2,481)",,—,"$77,607,658","$18,925,000",4.6x (median 3.1x),"~0.5 qtrs (cash $1.2M, burn $2.3M/qtr) — RAISE AHEAD | route: cash pitch, invoice post-close",Weak — $1.2M cash (equity-deal angle only),"General: Israeli Ministry of Health registration secured for the Breast Acoustic CT scanner, opening a new-market commercial rollout; new chief science officer hired to advance the AI imaging platform. | QT Imaging Receives Israeli Ministry of Health Regulatory Registration — Google News (The Norfolk Daily News)",—,—,ACTIVE RAISE [B-only] 424B5 2026-05-15 | https://www.sec.gov/Archives/edgar/data/1844505/000162828026035715/qti-prospectussupplementap.htm,,—,"ADDED TO INDEX 2026-05-27 — new institutional holders, promoting the story | ""QT Imaging Set to Join the Russell Microcap Index - Business Wire [index: Russell Microcap]""",Down 55% YTD — Dec tax-loss watch,—,"— no lockup factor: listed Nov 2021, any IPO lockup expired May 2022 (IPO + 180d), long past","HIGH: Drive commercial expansion of the QTscan breast-imaging platform - hybrid US commercialization plus international entry starting with the GCC region | THEIR WORDS: ""Building on its clinical and technology strategy, the Company intends to drive continued growth through a focused commercial expansion plan. We plan to continue to incur substantia"" | 10-K 2026-03-25 | https://www.sec.gov/Archives/edgar/data/1844505/00016282802602",All five press hits are recurring 'insider-favored growth stocks' list features; no company-specific announcements in recent press titles.,—,—,,No (verified by name),—,46.2,,"IN [PURE PAIN] — M1=7 — deep pain, viable business",2021,"$1,172,000","$86,572,356",14,"PAYS EXTERNAL AGENCY: CORE IR (Tirth Patel investors, Matthew Cossel media) — emails route via company domain (ir@/pr@qtimaging.com) but org explicitly named CORE IR — named in their own release footer, 2026","The market has walked away: trading is just 7% of the peer median and has fallen 81% over 6mo. Their own filing: ""Building on its clinical and technology strategy, the Company intends to drive continued growth through a focused commercial..."" And they are already investing in investor relations — the budget and intent exist.",,,
RNXT,RenovoRx Inc. Common Stock,biotech,Health Care / Biotechnology: Pharmaceutical Preparations,NASDAQ,renovorx.com,"RenovoRx, Inc., a clinical-stage biopharmaceutical company, engages in developing targeted combination therapies to improve therapeutic outcomes for cancer patients undergoing.",$47.8M,$0.96,$204K/day = 87% of peer median $235K,"Stable: +1009% over 2yr, +48% over 6mo","RESPONSIVE: 8 events, median +39%, best +140% — market reacts normally
• 2026-06-30 [8-K] → volume -34%
• 2026-05-14 [8-K] → volume +45%
• 2026-05-05 [media] «Cytokinetics (CYTK) Reports Q1 Loss, Beats Revenue Esti» → volume -34%
• 2026-03-30 [8-K] → volume +28%
• 2026-03-27 [8-K] → volume +39%
• 2026-03-26 [media] «Biorestorative Therapies, Inc. (BRTX) Reports Q4 Loss, » → volume +140%",—,29% below 52w high,—,"CONVICTION GAP: 3,282 watchers but only $204K/day traded ($62.2 per watcher vs $802 pool median) — they know you, they will not buy","3,282 Stocktwits watchers",clean,,"$35,121,415","$1,123,000",20.3x (median 3.1x),"~4 qtrs (cash $12.3M, burn $2.8M/qtr)",Yes — $12M cash,"CAPITAL-NEEDING: Guiding to full enrollment shortly in the TIGeR-PaC Phase 3 pancreatic cancer trial, with FDA orphan drug designation granted in May. | RenovoRx Expects Full Enrollment Soon in Pancreatic Cancer Trial (2026-07-29)","MILESTONE: RenovoRx closed its first full year commercializing RenovoCath, the FDA-cleared drug-delivery device, generating $1.1 million of 2025 revenue from a handful of active cancer centers with $13 million cash on hand. | RenovoRx Reports Full Year 2025 Financial Results and Provides Business Update (2026-03-30)",—,—,,"DEFICIENT — compliance deadline 2026-12-28 | ""On July 1, 2026, the Company received a notification letter from Nasdaq informing the Company that, while the Company has not yet regained c""",—,—,—,"— no lockup factor: listed Aug 2021, any IPO lockup expired Feb 2022 (IPO + 180d), long past","HIGH: Grow RenovoCath commercial revenue through 2026 by hiring sales and marketing staff, working toward cash-flow breakeven. | THEIR WORDS: ""We expect to continue to incur significant expenses as we seek to grow our revenues from RenovoCath commercial sales, reduce cash burn, and advance toward the goal of achieving cas"" | 10-K 2026-03-30 | https://www.sec.gov/Archives/edgar/data/1574094/00011931252613","No retrieved title names RenovoRx; all three cached items are other companies' quarterly results, so evidence is effectively absent.",—,—,,No (verified by name),—,23.9,20.2 / 83 (24%) — 13 23+24,"IN [GROWTH] — HIGH ambition, capital-linked",2021,"$12,314,000","$22,807,415",9,"PAYS EXTERNAL AGENCY: STiR Communications (media contact Hannah Williams); no investor-relations contact listed in footer — named in their own release footer, 2026","3,282 people follow the stock but only $204K a day trades — the awareness exists, the conviction doesn't. Why now: Guiding to full enrollment shortly in the TIGeR-PaC Phase 3 pancreatic cancer trial, with FDA orphan drug. Their own filing: ""We expect to continue to incur significant expenses as we seek to grow our revenues from RenovoCath commercial sales, reduce..."" And they are already investing in investor relations — the budget and intent exist.","NET BUYERS: 2 open-market buys, ~$19,690 total. Largest: VOLL MARK, Chief Financial Officer — 25,000.0 sh @ $0.79 ($19,690) on 2026-05-19. (code-P purchases only; grants/exercises excluded)",,
IMDX,Insight Molecular Diagnostics Inc. Common Stock,biotech,Health Care / Biotechnology: In Vitro & In Vivo Diagnostic Substances,NASDAQ,imdxinc.com,Insight Molecular Diagnostics Inc.,$162.4M,$4.65,$997K/day = 52% of peer median $1.9M,"Stable: +2123% over 2yr, +82% over 6mo","RESPONSIVE: 10 events, median +135%, best +514% — market reacts normally
• 2026-06-17 [8-K] → volume +13%
• 2026-05-13 [8-K] → volume +39%
• 2026-04-30 [8-K] → volume +61%
• 2026-04-29 [media] «How The Insight Molecular Diagnostics (IMDX) Story Is S» → volume -32%
• 2026-04-13 [media] «Why The Insight Molecular Diagnostics (IMDX) Story Is S» → volume +135%
• 2026-03-30 [media] «How The Insight Molecular Diagnostics (IMDX) Story Is S» → volume +431%",—,45% below 52w high,—,"CONVICTION GAP: 3,668 watchers but only $997K/day traded ($271.8 per watcher vs $802 pool median) — they know you, they will not buy","3,668 Stocktwits watchers",clean,,"$133,368,030","$4,055,000",27.4x (median 3.1x),"~4 qtrs (cash $24.3M, burn $6.0M/qtr)",Yes — fresh raise (8-K 2026-05-13),"CAPITAL-NEEDING: Submitted the kitted GraftAssureDx transplant rejection test for FDA review and secured Medicare coverage, setting up an in-house testing commercial build-out. | IMDX Submits Kitted Transplant Rejection Test for FDA Review (2026-04-06)","MILESTONE: iMDx is commercializing GraftAssure kidney-transplant rejection testing: first EU research-use order booked, a top-10 U.S. transplant center signed for the GALACTIC study, FDA authorization expected later in 2026. | Favorable Medicare Coverage Decision Supports Commercial Adoption of iMDx GraftAssure Assay Portfolio (2026-07-17)",8-K 2026-05-13 | https://www.sec.gov/Archives/edgar/data/1642380/000149315226022721/ex99-1.htm,—,,—,—,Down 35% YTD — Dec tax-loss watch,—,"— no lockup factor: listed Dec 2015, any IPO lockup expired Jun 2016 (IPO + 180d), long past","HIGH: Use the proceeds of the February 2026 offering to expand GraftAssure from kidney transplant rejection testing into heart and other organs. | THEIR WORDS: ""The net proceeds from the offering will allow us to invest in research and development with the goal of expanding our GraftAssure product offering beyond kidney transplant rejectio"" | 10-K 2026-03-26 | https://www.sec.gov/Archives/edgar/data/1642380/00016423802600",All four mentions are near-identical 'story is shifting' valuation pieces from March-April; no substantive company announcement appears in the retrieved titles.,—,—,,No (verified by name),—,22.9,20.2 / 83 (24%) — 07 09 23+24,IN [GROWTH] — M4=9; raise-funds-expansion loop (GraftAssure beyond kidney),2015,"$24,287,000","$110,951,030",8,"PAYS EXTERNAL AGENCY: LifeSci Advisors LLC (Douglas Farrell, imdx@lifesciadvisors.com) — named in their own release footer, 2026","3,668 people follow the stock but only $997K a day trades — the awareness exists, the conviction doesn't. Why now: Submitted the kitted GraftAssureDx transplant rejection test for FDA review and secured Medicare coverage. Their own filing: ""The net proceeds from the offering will allow us to invest in research and development with the goal of expanding our..."" And they are already investing in investor relations — the budget and intent exist.","NET BUYERS: 6 open-market buys, ~$2,685,127 total. Largest: BROADWOOD PARTNERS, L.P., 10% owner; BROADWOOD CAPITAL INC, 10% owner; Bradsher Neal C, 10% owner — 280,381.0 sh @ $3.50 ($982,034) on 2026-04-23. (code-P purchases only; grants/exercises excluded)",,
NRXP,NRX Pharmaceuticals Inc. Common Stock,biotech,Health Care / Biotechnology: Pharmaceutical Preparations,NASDAQ,nrxpharma.com,"NRx Pharmaceuticals, Inc., a clinical-stage biopharmaceutical company, develops therapeutics for the treatment of central nervous system disorders comprising suicidal depression.",$138.7M,$3.15,$3.6M/day = 185% of peer median $1.9M,"Stable: +2054% over 2yr, +18% over 6mo","SELECTIVE: 10 events, median -0%, best +112% — routine news ignored, but the market DOES respond to the right news
• 2026-07-22 [8-K] → volume -19%
• 2026-07-15 [media] «Is NRx Pharmaceuticals, Inc. (NRXP) Stock Positioned fo» → volume -53%
• 2026-06-24 [media] «Sector Update: Healthcare Stocks Advance Late Afternoon» → volume +6%
• 2026-06-17 [media] «NRX Pharmaceuticals Inc (NRXP) Q1 2026 Earnings Call Hi» → volume -48%
• 2026-06-10 [media] «NRx Pharmaceuticals (NRXP) Closes Underwritten Public O» → volume -58%
• 2026-06-02 [8-K] → volume +92%",—,32% below 52w high,—,"CONVICTION GAP: 13,385 watchers but only $3600K/day traded ($269.0 per watcher vs $802 pool median) — they know you, they will not buy","13,385 Stocktwits watchers",clean,,"$62,957,721","$1,445,000",54.2x (median 3.1x),"~0.8 qtrs (cash $2.9M, burn $3.7M/qtr) — RAISE AHEAD | route: cash pitch, invoice post-close",Weak — $2.9M cash (equity-deal angle only),CAPITAL-NEEDING: HOPE Therapeutics began its first FDA-cleared TMS treatments in Florida clinics - a physical clinic rollout funded by a $20M June raise. | HOPE starts first FDA-cleared TMS treatments in Florida clinics (2026-06-25),—,—,ACTIVE RAISE [B-only] 424B5 2026-06-03; 424B5 2026-06-02 | https://www.sec.gov/Archives/edgar/data/1719406/000143774926019368/nrxp20260603_424b5.htm,,—,—,—,—,"— no lockup factor: listed Dec 2017, any IPO lockup expired Jun 2018 (IPO + 180d), long past","HIGH: Partially spin off HOPE Therapeutics as a separate public company, distributing shares to NRx holders so HOPE has enough shareholders to list on a nat | THEIR WORDS: ""The purpose of the proposed Spin-Off was to provide the Company's shareholders with valuable consideration and to provide HOPE (currently a wholly-owned subsidiary) with a sufficie"" | 10-K 2026-03-23 | https://www.sec.gov/Archives/edgar/data/1719406/00014377492600","Earnings calls and capital raising dominate: a Q1 loss that lagged estimates, then a closed underwritten public offering of common stock in June.",—,—,,No (verified by name),—,11.7,14.0 / 83 (17%) — 10 23,IN [ADDED–MO LENS: stated goal IS building a shareholder base (HOPE spinoff) + financing now + conviction gap],2017,"$2,910,000","$78,369,721",9,"PAYS EXTERNAL AGENCY: astr partners (Brian Korb, Managing Partner) — sole contact, no in-house contact listed — named in their own release footer, 2026","13,385 people follow the stock but only $3.6M a day trades — the awareness exists, the conviction doesn't. Why now: HOPE Therapeutics began its first FDA-cleared TMS treatments in Florida clinics - a physical clinic rollout. Their own filing: ""The purpose of the proposed Spin-Off was to provide the Company's shareholders with valuable consideration and to provide..."" And they are already investing in investor relations — the budget and intent exist.",,,
DARE,Dare Bioscience Inc. Common Stock,biotech,Health Care / Biotechnology: Pharmaceutical Preparations,NASDAQ,darebioscience.com,"Daré Bioscience, Inc.",$19.2M,$1.22,$295K/day = 125% of peer median $235K,"Stable: +82% over 2yr, +4% over 6mo","SELECTIVE: 10 events, median -10%, best +250% — routine news ignored, but the market DOES respond to the right news
• 2026-07-24 [8-K] → volume -5%
• 2026-07-17 [8-K] → volume +250%
• 2026-07-13 [8-K] → volume -35%
• 2026-06-22 [8-K] → volume -60%
• 2026-06-12 [8-K] → volume -64%
• 2026-05-18 [8-K] → volume -59%","VERIFIED quorum failure: 8-K 2025-07-09 | ""ence herein. Item 5.07 Submission of Matters to a Vote of Security Holders. On July 9, 2025, Dar reconvened the Meeting, which was originally convened"" | https://www.sec.gov/Archives/edgar/data/1401914/000164117225018393/form8-k.htm",63% below 52w high — DEEP,—,"CONVICTION GAP: 24,978 watchers but only $295K/day traded ($11.8 per watcher vs $802 pool median) — they know you, they will not buy","24,978 Stocktwits watchers",BAD-PR-RECOVERABLE: Received a delisting notice in July 2026 while pivoting toward consumer menopause products; listing status is the open question. | evidence: Dare Bioscience Received Notice of Delisting - TradingView,,"$16,579,787","$1,030,193",11.2x (median 3.1x),"~2.0 qtrs (cash $5.0M, burn $2.5M/qtr) — RAISE AHEAD | route: cash pitch",Borderline — $5.0M cash,CAPITAL-NEEDING: Announced the upcoming commercial launch of Flora Sync LF5 and started a Phase 2 HPV trial while flagging a cash squeeze. | Dare Bioscience Announces the Upcoming Launch of Flora Sync LF5(TM) Vaginal Probiotic Capsules (2026-06-04),"MILESTONE: Dare expects its first direct product revenue in June 2026, with DARE to PLAY dispensing commencing and the Flora Sync LF5 vaginal probiotic commercially launching in summer 2026. | Dare Bioscience Announces the Upcoming Launch of Flora Sync LF5 Vaginal Probiotic Capsules (2026-06-04)",—,—,,—,—,Down 37% YTD — Dec tax-loss watch,—,"— no lockup factor: listed Apr 2014, any IPO lockup expired Oct 2014 (IPO + 180d), long past","HIGH: Build a self-reinforcing women's-health commercial ecosystem (DARE to PLAY / DARE to RESTORE launches) while advancing the Rx pipeline | THEIR WORDS: ""We will need to raise substantial additional capital to continue our operations, execute our business strategy and remain a going concern, and we may not be able to raise adequate "" | 10-K 2026-03-26 | https://www.sec.gov/Archives/edgar/data/1401914/00014019142600","A consumer-product pivot (DARE to PLAY, a prescription-free vaginal probiotic, a menopause telehealth tie-up) sits alongside a July delisting notice.",—,—,,No (verified by name),—,22.8,24.2 / 83 (29%) — 12 19 07 23+24,"IN [PAIN+GROWTH] — M2=8; filing names capital, listing AND shareholder base — all three MO levers verbatim",2014,"$5,035,006","$11,555,323",12,"Runs IR in-house (innovations@darebioscience.com) — release footer, 2026","24,978 people follow the stock but only $295K a day trades — the awareness exists, the conviction doesn't. Why now: Announced the upcoming commercial launch of Flora Sync LF5 and started a Phase 2 HPV trial while flagging. Their own filing: ""We will need to raise substantial additional capital to continue our operations, execute our business strategy and remain...""",No open-market insider purchases in the 8 most recent Form 4s,,
ABEO,Abeona Therapeutics Inc. Common Stock,biotech,Health Care / Biotechnology: Pharmaceutical Preparations,NASDAQ,abeonatherapeutics.com,"Abeona Therapeutics Inc., a commercial-stage biopharmaceutical company, develops gene and cell therapies for life-threatening diseases in the United States.",$364.2M,$6.42,$8.8M/day = 235% of peer median $3.7M,"Stable: +411% over 2yr, -9% over 6mo","SELECTIVE: 10 events, median -9%, best +132% — routine news ignored, but the market DOES respond to the right news
• 2026-06-10 [8-K] → volume -3%
• 2026-06-08 [media] «3 Growth Companies With High Insider Ownership Seeing U» → volume -9%
• 2026-06-04 [8-K] → volume -28%
• 2026-06-01 [media] «June 2026's Leading Growth Stocks With Insider Influenc» → volume -23%
• 2026-05-29 [media] «3 Growth Stocks With Strong Insider Confidence» → volume -26%
• 2026-05-26 [media] «Spotlight On 3 Growth Companies With Strong Insider Sta» → volume -26%",—,12% below 52w high,—,$800 per watcher (pool median $802),"11,004 Stocktwits watchers",clean,,"$328,439,042","$5,820,000",31.7x (median 3.1x),"~8 qtrs (cash $163.5M, burn $19.4M/qtr)",Yes — $164M cash,"CAPITAL-NEEDING: Commercial gene therapy rollout continues with new qualified treatment centers being activated, including Cincinnati Children's. | Cincinnati Children's activated for rare wound gene therapy (2026-07-21)","MILESTONE: Abeona became commercial-stage: the first ZEVASKYN (prademagene zamikeracel) commercial patient was treated in December 2025, with launch momentum building across its qualified treatment center network in Q1 2026. | Abeona Therapeutics Provides Business Update Highlighting Building Momentum in ZEVASKYN Commercial Launch (2026-03-09)",—,ACTIVE RAISE [B-only] 424B3 2026-07-10 | https://www.sec.gov/Archives/edgar/data/318306/000149315226032852/form424b3.htm,,—,—,—,—,"— no lockup factor: listed Sep 1980, any IPO lockup expired Mar 1981 (IPO + 180d), long past",MEDIUM: Commercialize ZEVASKYN by building out a network of qualified treatment centers and commercialize the rest of the pipeline alone or with partners.,Coverage limited to insider-ownership growth-stock roundups; no standalone company announcements in recent titles.,"FRESH HIRE (4 mo): Matt Goff — Senior Director, Corp Affairs + Investor Relations: Com | Apr 2026 - Present · 4 mos | mgoff@abeonatherapeutics.com",—,,No (verified by name),—,16.8,,IN [ADDED–MO LENS: FDA-approved gene therapy entering launch + financing now + IR intent (M6=5)],2008,"$163,535,000","$184,465,042",8,"PAYS EXTERNAL AGENCY: Meru Advisors (Lee M. Stern, investor contact); in-house VP IR Greg Gin also listed — named in their own release footer, 2026","Underneath, the business is real (rev $15M, cash $168M > 2x debt, PROFITABLE) — this is a story problem, not a business problem. Why now: Commercial gene therapy rollout continues with new qualified treatment centers being activated, including. And they are already investing in investor relations — the budget and intent exist.",,,
CHRS,Coherus Oncology Inc. Common Stock,biotech,Health Care / Biotechnology: Biological Products (No Diagnostic Substances),NASDAQ,coherus.com,"Coherus Oncology, Inc., a biopharmaceutical company, researches, develops, and commercializes immunotherapies to treat cancer in the United States.",$222.1M,$1.41,$1.3M/day = 67% of peer median $1.9M,"SUSTAINED BLEED: -58% over 2yr, -74% over 6mo | Feb $3.6M → Mar $2.5M → Apr $1.7M → May $2.4M → Jun $1.4M → Jul $1.1M","SELECTIVE: 10 events, median -27%, best +248% — routine news ignored, but the market DOES respond to the right news
• 2026-06-15 [8-K] → volume -32%
• 2026-06-01 [8-K] → volume -30%
• 2026-05-14 [media] «What You Need To Know About The Coherus Oncology, Inc. » → volume +51%
• 2026-05-11 [8-K] → volume +248%
• 2026-05-05 [media] «Are Medical Stocks Lagging  AnaptysBio (ANAB) This Year» → volume -1%
• 2026-04-16 [media] «Is Brookdale Senior Living (BKD) Outperforming Other Me» → volume +8%",—,44% below 52w high,—,"CONVICTION GAP: 5,035 watchers but only $1300K/day traded ($258.2 per watcher vs $802 pool median) — they know you, they will not buy","5,035 Stocktwits watchers",clean,,"$166,088,776","$42,172,000",LOW 0.5x vs 3.1x median,"~5 qtrs (cash $216.9M, burn $42.6M/qtr)",Yes — $217M cash,General: Entered a Phase 1 combination trial collaboration with Zumutor and is heading into what analysts call a catalyst-rich period of clinical readouts. | Coherus and Zumutor announce phase 1 cancer trial collaboration (2026-06-23),,—,—,,—,—,—,—,"— no lockup factor: listed Nov 2014, any IPO lockup expired May 2015 (IPO + 180d), long past","HIGH: Grow LOQTORZI sales in nasopharyngeal carcinoma and expand it into new indications via proprietary immuno-oncology combinations | THEIR WORDS: ""Our strategy is to grow sales of LOQTORZI in nasopharyngeal carcinoma (“NPC”) and advance the development of new indications for LOQTORZI in combination with both our pipeline cand"" | 10-K 2026-03-09 | https://www.sec.gov/Archives/edgar/data/1512762/00011046592602",Valuation-narrative and penny-stock commentary centred on shifting growth assumptions for Coherus; the retrieved titles contain little hard company news.,"RECENT HIRE (10 mo): Carrie Graham — Vice President, Investor Relations and Advocacy | Oct 2025 - Present · 10 mo | cgraham@coherus.com",,,No (verified by name),—,20.6,15.0 / 83 (18%) — 18 27,"IN [PAIN+GROWTH] — M3=8 sound business, oncology pivot, hiring IR",2014,"$216,893,000","$22,858,776",9,"Runs IR in-house (IR@coherus.com) — release footer, 2026","5,035 people follow the stock but only $1.3M a day trades — the awareness exists, the conviction doesn't. Underneath, the business is real (rev $47M, growing +62%, cash $167M > 2x debt, priced below peers) — this is a story problem, not a business problem. Their own filing: ""Our strategy is to grow sales of LOQTORZI in nasopharyngeal carcinoma (“NPC”) and advance the development of new indications...""",,,
