Symbol,Name,Sector,Industry,Exchange,Domain,What They Do (1-line),Live Market Cap,Live Price,Avg $ Volume/day (3-month average),Drawdown,Awareness Gap (StockTwits watchers vs $ traded),Revenue (latest),Cash / Treasury,Growth Ambition ,Financing (latest) + Use of Proceeds,Use-of-Proceeds verbatim (filing),Catalyst & Window,"In-house IR / Comms (name, tenure)",IR Job Posting (6 months),Media Provider (receipt),Primary Contact + LinkedIn,CEO (cc),Offer + Cap Tier,Why reach out to this company?,Evidence links,col26,col27,col28,col29,col30,col31,col32,col33,col34,col35,col36
WRN,Western Copper and Gold,Mining — Copper-Gold,Metal Mining,NYSE American,westerncopperandgold.com,"Developer of the Casino copper-gold project (Yukon) — one of North America's largest undeveloped copper deposits; permitting/PFS stage. Rio Tinto holds 8.4%, Mitsubishi ~5%.",$560.9M,$2.48,$3.7M/day vs peers $5.7M/day,−42% vs peers −40%,"1,761 watchers vs $3.7M/day ≈ $2,101 per watcher per day",Pre-revenue,"C$128.6M (≈US$94M) cash + short-term investments at Jun 30 2026, after the Feb 2026 raise","Closed upsized C$92M bought deal (Feb 26 2026, over-allotment fully exercised) to fund Casino Yukon permitting/engineering, backed by a strengthened Mitsubishi Materials partnership (Jun 2026, to Nov 2028) and Rio Tinto ~8.4%; advancing Casino (US$2.3B NPV, 7.6 Blb Cu / 14.5 Moz Au) through YESAB permitting toward development. | THEIR WORDS: ""Western Copper and Gold Corporation is advancing the Casino Project, Canada's premier copper-gold mine in the Yukon and one of the most economic greenfield copper-gold mining projects in the world."" | source: WRN completion-of-financing PR / SEC 6-K, Feb 26 2026","C$92M bought deal closed Feb 26 2026 (Stifel-led, upsized).","""The Company plans to use the net proceeds from the Offering to advance permitting and engineering activity at the Company's Casino Project in the Yukon, and for general corporate and working capital purposes."" (6-K, Feb 12 2026)",Casino permitting and engineering milestones funded by the Feb 2026 raise; new Chairman Mark E. Smith appointed Aug 10 2026 gives a fresh governance news hook into 2H 2026.,"Cameron Magee, Director, Investor Relations & Corporate Development - in-house since Aug 2024 (ex-Cormark equity research; named in Aug 10 2026 PR footer with direct phone + email) + Calista Morrison, Senior Director, External Affairs.","None in the last 6 months — seat filled (Magee, Aug 2024)","Newsfile releases syndicated on INN (wire pickup, not a paid client); IR run in-house (Cameron Magee).","Cameron Magee · Director, Investor Relations & Corporate Development · linkedin.com/in/cameron-magee-cfa-487494b4 · joined Aug 2024",Sandeep Singh,"Offer 1 · Awareness + Distribution — Rio Tinto and Mitsubishi sit on the register, yet only 1,761 retail watchers follow the US line - Casino's permitting milestones are set to land in front of an empty American room.","Cameron Magee is a one-man IR desk sitting on a full war chest — C$128.6M in the bank after February's raise — with his direct phone on every release and no agency to displace.

Stifel says the stock is worth C$10, Rio Tinto and Mitsubishi keep buying, and yet the US listing has 1,762 watchers whose own message board reads ""gold is up and this barely moves"" — a half-billion-dollar story playing to an empty room.

The Casino permitting decision, a new Chairman, and a Denver Gold slot on Sep 28 all land within months: whoever builds the American audience before that news flow owns the volume when it hits.",6-K Feb 12 2026 (UoP quote) + filings: sec.gov/cgi-bin/browse-edgar?action=getcompany&CIK=1364125 · Aug 10 2026 PR w/ Magee contact: westerncopperandgold.com/news · Feb 26 2026 closing PR (Stifel bought deal),,,,,,,,,,,
AIRO,AIRO Group Holdings,Defense — Drones/Avionics/eVTOL,Aerospace & Defense,NASDAQ,theairogroup.com,"Defense and aerospace group: RQ-35 ISR drones (US Blue UAS listed), avionics, training, electric air mobility. IPO June 2025 at $10.",$269.8M,$8.55,$4.6M/day vs peers $3.7M/day,−67% vs peers −39%,"2,409 watchers vs $4.6M/day ≈ $1,909 per watcher per day",$90.9M (FY2025),$26.M cash + $43.2M receivables collected in July; $61.5M working capital,"Jul 14 2026 RQ-35 Heidrun ISR drone won U.S. Blue UAS approval (NDAA-compliant, unlocks DoD/gov procurement) as H1 2026 revenue hit $52.1M (+43% YoY); guiding to 15-25% FY2026 growth on ~$150M drone backlog, expanding U.S. UAS distribution and eVTOL. | THEIR WORDS: ""Blue UAS approval removes an important procurement hurdle, enabling U.S. defense and government customers to acquire a trusted, mission-proven ISR platform more efficiently."" (CEO Joe Burns) | source: AIRO PR, Jul 14 2026",IPO Jun 2025 ($50.8M net; roughly half retired 10.5–15% debt) + Sept 2025 follow-on at $18.50 ($71.6M net).,"Follow-on 424B4: ""(ii) the remainder primarily to fund growth initiatives and pursue opportunistic acquisitions… general corporate purposes, including working capital.""","Q2 results Aug 13: revenue $43.2M (+76% YoY), first operating income ($1.7M), drone backlog $163M — the stock popped 26% on ~10x volume and gave it all back within a week. Blue UAS listing (Jul 14) and the Needham 1x1 conference (Aug 17) keep the news flow running; FY26 guidance reiterated.","Jack Senft (IR, April 2026) reporting into Dan Johnson (EVP Marketing & Investor Relations)",April 2026 IR job posted - Jack Senft was hired.,"Business Wire releases; IR run in-house — Johnson (EVP Marketing & IR) since the IPO, Senft added 2026; no retained agency.",Jack Senft · Investor Relations · linkedin.com/in/jack-senft-0478aa103 · joined April 2026 (per LinkedIn),Joe Burns — https://www.linkedin.com/in/joseph-burns-274083b,Offer 1 · Awareness + Distribution — Blue UAS listing and completed deliveries kept the defense thesis intact while the stock fell 67% from its 52-week high (~54% below the follow-on price); Senft's one-person desk is rebuilding an audience that left over a single lumpy quarter.,"AIRO built the function in-house this year — an EVP of Marketing & Investor Relations plus a new IR hire in April — which is a company telling you it has both budget and intent for investor marketing.

The story keeps delivering: Blue UAS approval, a $163M backlog, and on Aug 13 a blowout quarter that bought exactly one day of attention — a 26% pop on ten times normal volume, fully given back within a week.

That is not a story problem, it is a distribution problem: 2,407 watchers for a stock trading $4.6M a day, and nobody whose job is keeping the audience that briefly showed up.","IPO + follow-on 424B4s, Q2 10-Q: EDGAR CIK 1927958 · Blue UAS PR: theairogroup.com Jul 14 2026",,,,,,,,,,,
ABAT,American Battery Technology,Critical minerals — Battery recycling + Lithium,Metal Mining / Recycling,NASDAQ,americanbatterytechnology.com,"Battery-metals recycling (commercial revenue) plus the Tonopah Flats lithium project, Nevada.",$335.4M,$2.46,$17.1M/day vs peers $3.0M/day,−79% vs peers −40%,"39,997 watchers vs $17.1M/day ≈ $428 per watcher per day",$21.7M FY2026 (per Aug 20 2026 Q4 PR; FY2025: $4.3M),"$50.3M cash ($49.5M unrestricted), no debt (Q4 FY2026 results PR, Aug 20 2026); prior 10-Q (Mar 31): $37.7M cash, $46.0M working capital","Aug 20 2026 — record Q4 FY26 revenue of $8.2M + largest-ever gross profit ($1.3M, +86% QoQ) AND won its DOE appeal to reinstate a $57M grant funding the $115M first train of its Tonopah Flats lithium refinery; now scaling toward a 30,000 t/yr commercial lithium mine (NPV $2.57B, 21.8% IRR) plus a second recycling plant. | THEIR WORDS: ""Tonopah Flats Lithium Project (TFLP), one of the largest lithium deposits in the U.S., continues to secure its position as a cornerstone of the domestic critical mineral supply chain to support demand and drive future growth"" | source: ABAT Q4 FY2026 PR, Aug 20 2026","$100M ATM program (Virtu, since Apr 2024); $45.2M sold in the nine months to Mar 31 2026 (cumulative since inception is higher).","""We intend to use the net proceeds, if any, from this offering for general corporate purposes and working capital."" (S-3ASR ATM supplement, Nov 7 2025)","Q4 FY2026 results out Aug 20: record $8.2M revenue, second consecutive positive quarterly gross margin ($1.3M, +86% QoQ), and the $57M DOE grant reinstated on appeal. Same PR discloses a federal prohibition on black-mass exports effective Aug 27 2026 — the majority of current revenue — pending a Commerce Department exception. A communications-heavy quarter either way.","Tiffiany Moehring, Head of Communications & Marketing - since May 2021 (ex-Waste Management). Dedicated IR seat empty since Apr 2024 (Director of IR left for AMVAC, never replaced).",None in the last 6 months — the seat vacant since Apr 2024 has not been reposted,"PR Newswire releases picked up by INN (wire pickup, not a paid client); comms run in-house (Tiffiany Moehring).",Tiffiany Moehring · Head of Communications & Marketing · linkedin.com/in/tiffiany-moehring-659aaa5 · joined May 2021,Ryan Melsert — https://www.linkedin.com/in/ryan-melsert,"Offer 2 · Custom Content + Lead Gen — 40,000 StockTwits watchers and $17M/day already read every headline; Moehring's in-house comms team is the production buyer, starting the moment the recycling-margin story needs video.","Tiffiany Moehring has been the entire communications function since the IR director left for AMVAC in 2024 — one person facing forty thousand StockTwits watchers and $17M a day of trading.

This morning she had to announce a record quarter, a reinstated $57M DOE grant, and a federal ban on the exports behind most of the company's revenue — and the stock fell 6% while their own message board asked, ""why are they exporting their black mass?""

A documented messaging failure, unfolding in real time, in front of one of retail's largest small-cap audiences — production and investor communication this company needs now, and cannot make alone.",S-3ASR ATM supplement Nov 7 2025 (UoP quote) + 10-Q Mar 31 2026: sec.gov/cgi-bin/browse-edgar?action=getcompany&CIK=1576873 · Q4 FY26 results PR Aug 20 2026: americanbatterytechnology.com/news,,,,,,,,,,,
