Company,Symbol,Exchange,Note
Altura Energy Corp.,ALTU,TSXV,
Monumental Energy Corp.,MNRG,TSXV,
Northstar Clean Technologies Inc.,ROOF,TSXV,
Regency Silver Corp.,RSMX,TSXV,
Stamper Oil & Gas,STMP,TSXV,
Summit Royalty Corp.,SUM,TSXV,name differs: Summit Royalties Ltd. — verify
TenX Protocols,TNX,TSXV,
Total Metals Corp.,TT,TSXV,
Matador Technologies Inc.,MATA,TSXV,
Pesorama Inc.,PESO,TSXV,
Allied Critical Metals Corp.,ACM,CSE,
Arrow Exploration Corp.,AXL,TSXV,
Contango Silver & Gold Inc. (formerly Dolly Varden Silver Corp.),,,not in the tracked universe — Dolly Varden is TSX-listed
Electric Royalties Ltd.,ELEC,TSXV,
GH Power,,,not found on any covered venue
Goldgroup Mining Inc.,GORO,TSXV,
Homerun Resources Inc.,HMR,TSXV,
IDEX Metals Corp.,IDEX,TSXV,
Mustgrow Biologics Corp.,MGRO,TSXV,
Nobel Resources Corp.,NBLC,TSXV,
One Bullion Ltd.,OBUL,TSXV,
RZOLV Technologies Inc. (Innovation Mining),RZL,TSXV,
Tiger Gold Corp.,TIGR,TSXV,
U92 Energy Corp.,UTWO,TSXV,
Visionary Metals Corp.,VIZ,TSXV,
Altamira Gold Corp.,ALTA,TSXV,
Argentina Lithium & Energy Corp.,LIT,TSXV,
Cabral Gold Inc.,CBR,TSXV,
Forge Resources Corp.,FRG,CSE,
TomaGold Corp.,LOT,TSXV,
